-- 表具测试数据
INSERT INTO `meter` VALUES ('1000000000', '201811060001', '0.000', '1', '1', '2018-11-06 17:06:37', '2018-11-06 17:06:37', '2018-11-06 17:11:31', null, '0', '2', null, null, '2018-11-06 17:06:37', '1000000001', '2018-11-06 17:06:37', '1000000001', '1', null);
INSERT INTO `meter` VALUES ('1000000001', '201811060002', '0.000', '2', '1', '2018-11-06 17:07:00', '2018-11-06 17:07:00', '2018-11-06 17:11:37', null, '0', '2', null, null, '2018-11-06 17:07:00', '1000000001', '2018-11-06 17:07:00', '1000000001', '1', null);
INSERT INTO `meter` VALUES ('1000000002', '201811060003', '0.000', '3', '1', '2018-11-06 17:07:18', '2018-11-06 17:07:18', '2018-11-06 17:11:42', null, '0', '2', null, null, '2018-11-06 17:07:18', '1000000001', '2018-11-06 17:07:18', '1000000001', '1', null);
INSERT INTO `meter` VALUES ('1000000003', '201811060004', '0.000', '4', '0', '2018-11-06 17:07:43', '2018-11-06 17:07:43', '2018-11-06 17:11:47', null, '0', '2', null, null, '2018-11-06 17:07:42', '1000000001', '2018-11-06 17:07:42', '1000000001', '1', null);
INSERT INTO `meter` VALUES ('1000000004', '201811060005', '0.000', '9', '1', '2018-11-06 17:08:00', '2018-11-06 17:08:00', '2018-11-06 17:11:53', null, '0', '2', null, null, '2018-11-06 17:07:59', '1000000001', '2018-11-06 17:07:59', '1000000001', '1', null);
INSERT INTO `meter` VALUES ('1000000005', '201811060006', '0.000', '9', '0', '2018-11-06 17:08:14', '2018-11-06 17:08:14', '2018-11-06 17:12:01', null, '0', '2', null, null, '2018-11-06 17:08:13', '1000000001', '2018-11-06 17:08:13', '1000000001', '1', null);
INSERT INTO `meter` VALUES ('1000000006', '201811060007', '0.000', '4', '1', '2018-11-06 17:08:29', '2018-11-06 17:08:29', '2018-11-06 17:12:07', null, '0', '2', null, null, '2018-11-06 17:08:28', '1000000001', '2018-11-06 17:08:28', '1000000001', '1', null);
INSERT INTO `meter` VALUES ('1000000007', '201811060008', '0.000', '8', '0', '2018-11-06 17:08:42', '2018-11-06 17:08:42', '2018-11-06 17:12:12', null, '0', '2', null, null, '2018-11-06 17:08:42', '1000000001', '2018-11-06 17:08:42', '1000000001', '1', null);
INSERT INTO `meter` VALUES ('1000000008', '201811060009', '0.000', '9', '0', '2018-11-06 17:08:59', '2018-11-06 17:08:59', '2018-11-06 17:12:18', null, '0', '2', null, null, '2018-11-06 17:08:59', '1000000001', '2018-11-06 17:08:59', '1000000001', '1', null);

-- 用户数据
INSERT INTO `user` VALUES ('1000000000', '邱豪', '15800000000', '420111111111111111', '', '1000', '徐东嘉苑A', '1', '1', '3', '0', '0', '2018-11-06 17:13:03', '1000000001', '2018-11-06 17:09:32', '1000000001', '2018-11-06 17:13:03', '1000000001', '1', null);
INSERT INTO `user` VALUES ('1000000001', '汪黛诗', '15900000000', '423000000000000000', '', '1002', '徐东嘉苑B', '1', '2', '3', '0', '0', '2018-11-06 17:13:48', '1000000001', '2018-11-06 17:09:45', '1000000001', '2018-11-06 17:13:48', '1000000001', '1', null);
INSERT INTO `user` VALUES ('1000000002', '刘霞', '15800000000', '421000000000000000', '', '1003', '徐东嘉苑C', '1', '3', '3', '0', '0', '2018-11-06 17:16:08', '1000000001', '2018-11-06 17:09:56', '1000000001', '2018-11-06 17:16:08', '1000000001', '1', null);
INSERT INTO `user` VALUES ('1000000003', '李泰然', '15500000000', '421111111111111111', '', '1007', '徐东嘉苑D', '2', '3', '3', '0', '0', '2018-11-06 17:16:36', '1000000001', '2018-11-06 17:10:09', '1000000001', '2018-11-06 17:16:36', '1000000001', '1', null);
INSERT INTO `user` VALUES ('1000000004', 'daisywang', '15800000000', '421000000000000000', '', '1005', '徐东嘉苑E', '2', '1', '3', '0', '0', '2018-11-06 17:17:03', '1000000001', '2018-11-06 17:10:20', '1000000001', '2018-11-06 17:17:03', '1000000001', '1', null);
INSERT INTO `user` VALUES ('1000000005', '詹丹', '15200000000', '421320000000000000', '', '1008', '徐东嘉苑F', '1', '2', '3', '0', '0', '2018-11-06 17:17:41', '1000000001', '2018-11-06 17:10:30', '1000000001', '2018-11-06 17:17:41', '1000000001', '1', null);
INSERT INTO `user` VALUES ('1000000006', '贝多芬', '15600000000', '425100000000000000', '', '1009', '徐东嘉苑G', '1', '3', '3', '0', '0', '2018-11-06 17:18:10', '1000000001', '2018-11-06 17:10:47', '1000000001', '2018-11-06 17:18:10', '1000000001', '1', null);
INSERT INTO `user` VALUES ('1000000007', '达芬奇', '18500000000', '421562000000000000', '', '1003', '徐东嘉苑H', '1', '2', '3', '0', '0', '2018-11-06 17:18:37', '1000000001', '2018-11-06 17:10:55', '1000000001', '2018-11-06 17:18:37', '1000000001', '1', null);
INSERT INTO `user` VALUES ('1000000008', '詹姆斯', '15200000000', '425652000000000000', '', '1000', '徐东嘉苑I', '1', '1', '3', '0', '0', '2018-11-06 17:19:09', '1000000001', '2018-11-06 17:11:06', '1000000001', '2018-11-06 17:19:09', '1000000001', '1', null);

-- 用户卡片信息
INSERT INTO `user_card` VALUES ('1000000000', '1000000000', '10000000', '201419002761', 'ABA534', '1', '1000000000', '0.00', '2018-11-06 17:13:03', '1000000001', '2018-11-06 17:13:03', '1000000001', '1', '1');
INSERT INTO `user_card` VALUES ('1000000001', '1000000001', '10000001', '2018A0000055', 'DF057A', '1', '1000000001', '0.00', '2018-11-06 17:13:48', '1000000001', '2018-11-06 17:13:48', '1000000001', '1', '1');
INSERT INTO `user_card` VALUES ('1000000002', '1000000002', '10000002', '201419002717', '1A6A2A', '1', '1000000002', '0.00', '2018-11-06 17:16:08', '1000000001', '2018-11-06 17:16:08', '1000000001', '1', '1');
INSERT INTO `user_card` VALUES ('1000000003', '1000000003', '10000003', '201419002763', '49F4F2', '1', '1000000003', '0.00', '2018-11-06 17:16:36', '1000000001', '2018-11-06 17:16:36', '1000000001', '1', '1');
INSERT INTO `user_card` VALUES ('1000000004', '1000000004', '10000004', '201419002760', 'B8E997', '1', '1000000004', '0.00', '2018-11-06 17:17:03', '1000000001', '2018-11-06 17:17:03', '1000000001', '1', '1');
INSERT INTO `user_card` VALUES ('1000000005', '1000000005', '10000005', '201419002759', 'C79891', '1', '1000000005', '0.00', '2018-11-06 17:17:41', '1000000001', '2018-11-06 17:17:41', '1000000001', '1', '1');
INSERT INTO `user_card` VALUES ('1000000006', '1000000006', '10000006', '201419002719', 'AD04AE', '1', '1000000006', '0.00', '2018-11-06 17:18:10', '1000000001', '2018-11-06 17:18:10', '1000000001', '1', '1');
INSERT INTO `user_card` VALUES ('1000000007', '1000000007', '10000007', '201419002715', '0310CC', '1', '1000000007', '0.00', '2018-11-06 17:18:37', '1000000001', '2018-11-06 17:18:37', '1000000001', '1', '1');
INSERT INTO `user_card` VALUES ('1000000008', '1000000008', '10000008', '201419002718', '4E1AA0', '1', '1000000008', '0.00', '2018-11-06 17:19:10', '1000000001', '2018-11-06 17:19:10', '1000000001', '1', '1');

-- 用户表具信息
INSERT INTO `user_meters` VALUES ('1000000000', '1000000000', '1000000000', '2018-11-06 17:11:31', '1000000001', '2018-11-06 17:11:31', '1000000001', '1', null);
INSERT INTO `user_meters` VALUES ('1000000001', '1000000001', '1000000001', '2018-11-06 17:11:36', '1000000001', '2018-11-06 17:11:36', '1000000001', '1', null);
INSERT INTO `user_meters` VALUES ('1000000002', '1000000002', '1000000002', '2018-11-06 17:11:42', '1000000001', '2018-11-06 17:11:42', '1000000001', '1', null);
INSERT INTO `user_meters` VALUES ('1000000003', '1000000003', '1000000003', '2018-11-06 17:11:47', '1000000001', '2018-11-06 17:11:47', '1000000001', '1', null);
INSERT INTO `user_meters` VALUES ('1000000004', '1000000004', '1000000004', '2018-11-06 17:11:52', '1000000001', '2018-11-06 17:11:52', '1000000001', '1', null);
INSERT INTO `user_meters` VALUES ('1000000005', '1000000005', '1000000005', '2018-11-06 17:12:01', '1000000001', '2018-11-06 17:12:01', '1000000001', '1', null);
INSERT INTO `user_meters` VALUES ('1000000006', '1000000006', '1000000006', '2018-11-06 17:12:06', '1000000001', '2018-11-06 17:12:06', '1000000001', '1', null);
INSERT INTO `user_meters` VALUES ('1000000007', '1000000007', '1000000007', '2018-11-06 17:12:12', '1000000001', '2018-11-06 17:12:12', '1000000001', '1', null);
INSERT INTO `user_meters` VALUES ('1000000008', '1000000008', '1000000008', '2018-11-06 17:12:18', '1000000001', '2018-11-06 17:12:18', '1000000001', '1', null);

-- 用户订单信息
INSERT INTO `user_orders` VALUES ('1000000000', '1000000000', '1000000001', '1.00', '1.0', '2', null, null, null, null, '44879918684975104', '1', null, null, '2018-11-06 17:13:03', '1000000001', null, '1000000001', '1', null);
INSERT INTO `user_orders` VALUES ('1000000001', '1000000001', '1000000001', '1.00', '1.0', '2', null, null, null, null, '44880106333941760', '1', null, null, '2018-11-06 17:13:48', '1000000001', null, '1000000001', '1', null);
INSERT INTO `user_orders` VALUES ('1000000002', '1000000002', '1000000001', '1.00', '1.0', '2', null, null, null, null, '44880694467637248', '1', null, null, '2018-11-06 17:16:08', '1000000001', null, '1000000001', '1', null);
INSERT INTO `user_orders` VALUES ('1000000003', '1000000003', '1000000001', '1.00', '1.0', '2', null, null, null, null, '44880811350306816', '1', null, null, '2018-11-06 17:16:36', '1000000001', null, '1000000001', '1', null);
INSERT INTO `user_orders` VALUES ('1000000004', '1000000004', '1000000001', '1.00', '1.0', '2', null, null, null, null, '44880925913526272', '1', null, null, '2018-11-06 17:17:03', '1000000001', null, '1000000001', '1', null);
INSERT INTO `user_orders` VALUES ('1000000005', '1000000005', '1000000001', '1.00', '1.0', '2', null, null, null, null, '44881084378525696', '1', null, null, '2018-11-06 17:17:41', '1000000001', null, '1000000001', '1', null);
INSERT INTO `user_orders` VALUES ('1000000006', '1000000006', '1000000001', '1.00', '1.0', '2', null, null, null, null, '44881206764122112', '1', null, null, '2018-11-06 17:18:10', '1000000001', null, '1000000001', '1', null);
INSERT INTO `user_orders` VALUES ('1000000007', '1000000007', '1000000001', '1.00', '1.0', '2', null, null, null, null, '44881318022230016', '1', null, null, '2018-11-06 17:18:37', '1000000001', null, '1000000001', '1', null);
INSERT INTO `user_orders` VALUES ('1000000008', '1000000008', '1000000001', '1.00', '1.0', '2', null, null, null, null, '44881455784144896', '1', null, null, '2018-11-06 17:19:10', '1000000001', null, '1000000001', '1', null);

